Workbook

Sheet API목록
B1: AI
B3: 구분 | C3: 도메인 | D3: API ID | E3: API 명 | F3: METHOD | G3: DATATYPE | H3: URL | I3: 상세
B4: 1 | C4: HNS | D4: ="HNS_AI_0"&B4 -> HNS_AI_01 | E4: 디바이스 S/W 모듈 버전 조회 | F4: GET | G4: JSON | H4: /v2/ai/geVersion | I4: 디바이스 S/W 모듈 버전 정보 (home.id == device.home, device.ipaddr == version.device && heartbeat.notice 메시지)
B5: 2 | C5: HNS | D5: =C5&"_AI_0"&B5 -> HNS_AI_02 | E5: 지능형 조명 제어 | F5: POST | G5: JSON | H5: /v2/ai/icmd/control/remoteAccessSmartlight | I5: 스마트분전반의 조명 상태를 외부에서 제어 (action = "control" | "mode_control")
B6: 3 | C6: HNS | D6: ="HNS_AI_0"&B6 -> HNS_AI_03 | E6: 지능형 조명 상태 조회2 | F6: GET | G6: JSON | H6: /v2/ai/icmd/control/remoteAccessSmartlight | I6: 스마트분전반의 조명 상태를 외부에서 조회
B7: 4 | C7: HNS | D7: =C7&"_AI_0"&B7 -> HNS_AI_04 | E7: 지능형 조명 상태 조회 | F7: GET | G7: JSON | H7: /v2/ai/icmd/status/smartDspInfo | I7: 월패드에게 스마트분전반의 상태를 요청
B8: 5 | C8: HNS | D8: ="HNS_AI_0"&B8 -> HNS_AI_05 | E8: 지능형 조명 Trend 동작 조회 | F8: GET | G8: JSON | H8: /v2/ai/trend | I8: 지능형 조명 상태 (imap/smart_light_info.reply 참고)
B9: 6 | C9: HNS | D9: =C9&"_AI_0"&B9 -> HNS_AI_06 | E9: 일괄소등제어기 제어 | F9: POST | G9: JSON | H9: /v2/ai/icmd/control/remoteAccessLightBatchControl | I9: 일괄소등제어기 상태를 외부에서 제어 (action = "control")
B10: 7 | C10: HNS | D10: ="HNS_AI_0"&B10 -> HNS_AI_07 | E10: 일괄소등제어기 상태 조회 | F10: GET | G10: JSON | H10: /v2/ai/icmd/status/remoteAccessLightBatchControl | I10: 일괄소등제어기 상태를 외부에서 조회 (action = "status")
B11: 8 | C11: HNS | D11: =C11&"_AI_0"&B11 -> HNS_AI_08 | E11: 멀티스위치의 조명제어기 제어 | F11: POST | G11: JSON | H11: /v2/ai/icmd/control/remoteAccessLight | I11: 멀티스위치의 조명제어기 상태를 외부에서 제어 (action = "control")
B12: 9 | C12: HNS | D12: ="HNS_AI_0"&B12 -> HNS_AI_09 | E12: 멀티스위치의 조명제어기 상태 조회 | F12: GET | G12: JSON | H12: /v2/ai/icmd/status/remoteAccessLight | I12: 멀티스위치의 조명제어기 상태를 외부에서 조회 (action = "status")
B13: 10 | C13: HNS | D13: =C13&"_AI_0"&B13 -> HNS_AI_010 | E13: 거실 조명제어기 제어 | F13: POST | G13: JSON | H13: /v2/ai/icmd/control/remoteAccessLivinglight | I13: 거실 조명제어기 상태를 외부에서 제어 (action = "control")
B14: 11 | C14: HNS | D14: ="HNS_AI_0"&B14 -> HNS_AI_011 | E14: 거실 조명제어기 상태 조회 | F14: GET | G14: JSON | H14: /v2/ai/icmd/status/remoteAccessLivinglight | I14: 거실 조명제어기 상태를 외부에서 조회 (action = "status")
B15: 12 | C15: HNS | D15: =C15&"_AI_0"&B15 -> HNS_AI_012 | E15: 난방 온도 조절기 제어 | F15: POST | G15: JSON | H15: /v2/ai/icmd/control/remoteAccessTemper | I15: 온도조절기 상태를 외부에서 제어 (action = "control")
B16: 13 | C16: HNS | D16: ="HNS_AI_0"&B16 -> HNS_AI_013 | E16: 난방 온도 조절기 상태 조회 | F16: GET | G16: JSON | H16: /v2/ai/icmd/status/remoteAccessTemper | I16: 온도조절기 상태를 외부에서 조회 (action = "status")
B17: 14 | C17: HNS | D17: =C17&"_AI_0"&B17 -> HNS_AI_014 | E17: 환기 제어 | F17: POST | G17: JSON | H17: /v2/ai/icmd/control/remoteAccessVentil | I17: 환기시스템 상태를 외부에서 제어 (action = "control", unit_cnt = 1, unit_num = "ventil")
B18: 15 | C18: HNS | D18: ="HNS_AI_0"&B18 -> HNS_AI_015 | E18: 환기 상태 조회 | F18: GET | G18: JSON | H18: /v2/ai/icmd/status/remoteAccessVentil | I18: 환기시스템 상태를 외부에서 조회 (action = "status", unit_num = "ventil")
B19: 16 | C19: HNS | D19: =C19&"_AI_0"&B19 -> HNS_AI_016 | E19: 에어컨 제어 | F19: POST | G19: JSON | H19: /v2/ai/icmd/control/remoteAccessSysaircon | I19: 시스템에어컨 상태를 외부에서 제어 (action = "control")
B20: 17 | C20: HNS | D20: ="HNS_AI_0"&B20 -> HNS_AI_017 | E20: 에어컨 상태 조회 | F20: GET | G20: JSON | H20: /v2/ai/icmd/status/remoteAccessSysaircon | I20: 시스템에어컨 상태를 외부에서 조회 (action = "status")
B21: 18 | C21: HNS | D21: =C21&"_AI_0"&B21 -> HNS_AI_018 | E21: 가스밸브 제어 | F21: POST | G21: JSON | H21: /v2/ai/icmd/control/remoteAccessGas | I21: 가스차단기 상태를 외부에서 제어 (action = "control")
B22: 19 | C22: HNS | D22: ="HNS_AI_0"&B22 -> HNS_AI_019 | E22: 가스밸브 상태 조회 | F22: GET | G22: JSON | H22: /v2/ai/icmd/status/remoteAccessGas | I22: 가스차단기 상태를 외부에서 조회 (action = "status")
B23: 20 | C23: HNS | D23: =C23&"_AI_0"&B23 -> HNS_AI_020 | E23: 제어기기 상태 제어 | F23: POST | G23: JSON | H23: /v2/ai/icmd/action/remoteGetHomeTotalDevice | I23: 제어기기의 전체 상태를 외부에서 제어 (action = "action")
B24: 21 | C24: HNS | D24: ="HNS_AI_0"&B24 -> HNS_AI_021 | E24: 제어기기 상태 조회 | F24: GET | G24: JSON | H24: /v2/ai/icmd/status/remoteGetHomeTotalDevice | I24: 제어기기의 전체 상태를 외부에서 조회 (action = "status")
B25: 22 | C25: HNS | D25: =C25&"_AI_0"&B25 -> HNS_AI_022 | E25: 에너지 사용이상 점검(조회) | F25: GET | G25: JSON | H25: /v2/ai/imap/getMetering | I25: 단지서버에서 받은 사용량 정보로부터 사용이상을 확인 (프론트에서 확인)
B30: 25 | C30: HNS | D30: ="HNS_AI_0"&B30 -> HNS_AI_025 | E30: 에너지 | F30: GET | G30: JSON | H30: /v2/ai/meter/daily/energies | I30: 일간 에너지 검침 조회 (전체)
B31: 26 | C31: HNS | D31: =C31&"_AI_0"&B31 -> HNS_AI_026 | E31: 에너지 | F31: GET | G31: JSON | H31: /v2/ai/meter/daily/energies/{year} | I31: 일간 에너지 검침 조회 (년)
B32: 27 | C32: HNS | D32: ="HNS_AI_0"&B32 -> HNS_AI_027 | E32: 에너지 | F32: GET | G32: JSON | H32: /v2/ai/meter/daily/energies/{year}/{month} | I32: 일간 에너지 검침 조회 (월)
B33: 28 | C33: HNS | D33: =C33&"_AI_0"&B33 -> HNS_AI_028 | E33: 에너지 | F33: GET | G33: JSON | H33: /v2/ai/meter/daily/energies/{year}/{month}/{day} | I33: 일간 에너지 검침 조회 (일)
B34: 29 | C34: HNS | D34: ="HNS_AI_0"&B34 -> HNS_AI_029 | E34: 에너지 | F34: GET | G34: JSON | H34: /v2/ai/meter/monthly/energies | I34: 월간 에너지 검침 조회 (전체)
B35: 30 | C35: HNS | D35: =C35&"_AI_0"&B35 -> HNS_AI_030 | E35: 에너지 | F35: GET | G35: JSON | H35: /v2/ai/meter/monthly/energies/{year} | I35: 월간 에너지 검침 조회 (년)
B36: 31 | C36: HNS | D36: ="HNS_AI_0"&B36 -> HNS_AI_031 | E36: 에너지 | F36: GET | G36: JSON | H36: /v2/ai/meter/monthly/energies/{year}/{month} | I36: 월간 에너지 검침 조회 (월)
B37: 32 | C37: HNS | D37: =C37&"_AI_0"&B37 -> HNS_AI_032 | E37: 엘리베이터 | F37: POST | G37: JSON | H37: /v2/ai/elevator/{dir} | I37: 엘리베이터 호출 (up/down)
B38: 33 | C38: HNS | D38: ="HNS_AI_0"&B38 -> HNS_AI_033 | E38: 공지사항 | F38: GET | G38: JSON | H38: /v2/ai/announcements | I38: 공지사항 목록 조회
B39: 34 | C39: HNS | D39: =C39&"_AI_0"&B39 -> HNS_AI_034 | E39: 공지사항 | F39: GET | G39: JSON | H39: /v2/ai/announcements/{id} | I39: 공지사항 상세 조회
B40: 35 | C40: HNS | D40: ="HNS_AI_0"&B40 -> HNS_AI_035 | E40: 차량 | F40: GET | G40: JSON | H40: /v2/ai/cars | I40: 입차목록 조회 (세대)
B41: 36 | C41: HNS | D41: =C41&"_AI_0"&B41 -> HNS_AI_036 | E41: 차량 | F41: GET | G41: JSON | H41: /v2/ai/cars/parkinfo | I41: 주차 정보 조회
B42: 37 | C42: HNS | D42: ="HNS_AI_0"&B42 -> HNS_AI_037 | E42: 차량 | F42: GET | G42: JSON | H42: /v2/ai/cars/guest | I42: 방문차량 조회
B43: 38 | C43: HNS | D43: =C43&"_AI_0"&B43 -> HNS_AI_038 | E43: 차량 | F43: POST | G43: JSON | H43: /v2/ai/cars/guest | I43: 방문 차량 등록/삭제
B44: 39 | C44: HNS | D44: ="HNS_AI_0"&B44 -> HNS_AI_039 | E44: 전기차 | F44: GET | G44: JSON | H44: /v2/ai/eleccar/charging_info | I44: 전기차 충전 정보 조회
B45: 40 | C45: HNS | D45: =C45&"_AI_0"&B45 -> HNS_AI_040 | E45: 전기차 | F45: GET | G45: JSON | H45: /v2/ai/eleccar/charger_info/{loc} | I45: 전기차 충전기 상태 조회 (위치별)
B46: 41 | C46: HNS | D46: ="HNS_AI_0"&B46 -> HNS_AI_041 | E46: 전기차 | F46: GET | G46: JSON | H46: /v2/ai/eleccar/charging_history/{category}/{year}/{month} | I46: 전기차 충전 이력 조회 (월별)
B47: 42 | C47: HNS | D47: =C47&"_AI_0"&B47 -> HNS_AI_042 | E47: 전기차 | F47: GET | G47: JSON | H47: /v2/ai/eleccar/charging_history/{category}/{year}/{month}/{day} | I47: 전기차 충전 이력 조회 (일별)
B48: 43 | C48: HNS | D48: ="HNS_AI_0"&B48 -> HNS_AI_043 | E48: 로봇 | F48: POST | G48: JSON | H48: /v2/ai/robot/arrival | I48: 로봇 도착 알림
B49: 44 | C49: HNS | D49: =C49&"_AI_0"&B49 -> HNS_AI_044 | E49: 스케줄 | F49: POST | G49: JSON | H49: /v2/ai/schedule | I49: AI 스케줄 등록/삭제/조회
B50: 45 | C50: HNS | D50: ="HNS_AI_0"&B50 -> HNS_AI_045 | E50: 볼륨 | F50: POST | G50: JSON | H50: /v2/ai/volume | I50: 월패드 볼륨 제어/조회
B51: 46 | C51: HNS | D51: =C51&"_AI_0"&B51 -> HNS_AI_046 | E51: 조명 | F51: POST | G51: JSON | H51: /v2/ai/illuminance | I51: 월패드 밝기 제어/조회
B52: 47 | C52: HNS | D52: ="HNS_AI_0"&B52 -> HNS_AI_047 | E52: 이벤트 | F52: POST | G52: JSON | H52: /v2/ai/event/notify | I52: AI 이벤트 알림
B53: 48 | C53: HNS | D53: =C53&"_AI_0"&B53 -> HNS_AI_048 | E53: 방범 | F53: POST | G53: JSON | H53: /v2/ai/icmd/control/remoteAccessMode | I53: 방범 모드 제어
B54: 49 | C54: HNS | D54: ="HNS_AI_0"&B54 -> HNS_AI_049 | E54: 방범 | F54: GET | G54: JSON | H54: /v2/ai/icmd/status/remoteAccessMode | I54: 방범 모드 조회

Sheet API 규격(제어기기)
B2: =API목록!E4&" ["&API목록!D4&"]" -> 디바이스 S/W 모듈 버전 조회 [HNS_AI_01]
A3: 1Depth | B3: 설명
A4: 2Depth | B4: API ID | C4: =API목록!D4 -> HNS_AI_01
A5: 3Depth | B5: API 명 | C5: =API목록!E4 -> 디바이스 S/W 모듈 버전 조회
B6: Data Type | C6: =API목록!G4 -> JSON
B7: Method | C7: =API목록!F4 -> GET
B8: API 설명 | C8: =API목록!I4 -> 디바이스 S/W 모듈 버전 정보 (home.id == device.home, device.ipaddr == version.device && heartbeat.notice 메시지)
B9: URL | C9: =API목록!H4 -> /v2/ai/geVersion
B10: Request Parameter
B11: 필드명 | C11: 파라미터명 | D11: Data Type | E11: 자리수 | F11: 필수여부 | G11: 암호화여부 | H11: 설명 | I11: 비고
B12: 동 정보 | C12: dongCode | D12: String | I12: home.dong_code
B13: 호 정보 | C13: homeCode | D13: String | I13: home.home_code
B14: 디바이스 종류 | C14: type | D14: int[] | I14: device.type ('0: 로비폰, 1: 경비실기, 2: 세대기(월패드))
B15: S/W 종류 | C15: module | D15: String[] | I15: version.module (app | moip | bsp | setting …)
B16: 진행 단계 | C16: state | D16: String[] | H16: {"ADDED", "STAGED", "UPGRADING", "UPGRADED"}
B17: 업데이트 파일명 | C17: filename | D17: String
B18: DB 버전 | C18: dbVer | D18: String
B19: 기기버전 | C19: devVer | D19: String
B21: Response Parameter
B22: 필드명 | C22: 파라미터명 | D22: Data Type | E22: 자리수 | F22: 필수여부 | G22: 암호화여부 | H22: 설명 | I22: 비고
B23: 코드 | C23: code | D23: String | F23: Y | H23: 결과 코드
B24: 메시지 | C24: message | D24: String | F24: Y | H24: 결과 메시지
B25: 데이터 | C25: data | D25: Object[] | F25: Y | H25: 결과 데이터
B26: 동 정보 | C26: dongCode | D26: String | F26: Y | H26: 동 | I26: home.dong_code
B27: 호 정보 | C27: homeCode | D27: String | F27: Y | H27: 호 | I27: home.home_code
B28: S/W 종류 | C28: module | D28: String | F28: Y | I28: version.module
B29: 디바이스 종류 | C29: type | D29: int | F29: Y | I29: device.type ('0: 로비폰, 1: 경비실기, 2: 세대기(월패드))
B30: 진행단계 | C30: state | D30: String | F30: Y | I30: version.state (ADDED, STAGED, UPGRADING, UPGRADED)
B31: Network IP | C31: ipaddr | D31: String | F31: Y | I31: device.ipaddr
B32: DB 조회 버전 | C32: dbVer | D32: String | I32: version 테이블의 모듈 버전
B33: 세대기(heartbeat) 버전 | C33: devVer | D33: String | I33: heartbeat.notice 메시지의 모듈 버전
B34: 기기버전 | C34: version | D34: String | F34: Y | I34: version.version
B35: 기기명칭 | C35: name | D35: String | I35: device.name
B36: 생성일 | C36: createdAt | D36: String | F36: Y | I36: 'yyyy-MM-dd hh:mm:ss' 형태
B37: 갱신일 | C37: updatedAt | D37: String | I37: 'yyyy-MM-dd hh:mm:ss' 형태
B38: 파일명 | C38: filename | D38: String
B39: 제어(통신) 결과 | C39: result | D39: String | F39: Y | H39: "ok" | "fail" | I39: default: "ok"
B41: Request query Sample
B42: { "dongCode": "20 ~ 1", "homeCode": "10 ~ 1", "module": "moip", "type": 2, "state": "UPGRADED", "version": "1002.10.02.0 ~ 1" }
B43: Response JSON Data Sample(Success)
B44: { "code": "S0000", "message": "정상적으로 처리 되었습니다.", "data": { "dongCode": "20 ~ 1", "homeCode": "10 ~ 1", "name": "moip", "module": "moip", "type": 2, "state": "UPGRADED", "ipaddr": "UPGRADED", "dbVer": "1002.10.02.0 ~ 1", "devVer": "1002.10.02.0 ~ 1", "createdAt": "2022-07-12 15:12:30", "updatedAt": "2022-07-12 15:12:36", "filename": "MOIP_A40i_ILP300_700_100210020 ~ 1.zip" } }
B47: =API목록!E5&" ["&API목록!D5&"]" -> 지능형 조명 제어 [HNS_AI_02]
B48: 설명
B49: API ID | C49: =API목록!D5 -> HNS_AI_02
B50: API 명 | C50: =API목록!E5 -> 지능형 조명 제어
B51: Data Type | C51: =API목록!G5 -> JSON
B52: Method | C52: =API목록!F5 -> POST
B53: API 설명 | C53: =API목록!I5 -> 스마트분전반의 조명 상태를 외부에서 제어 (action = "control" | "mode_control")
B54: URL | C54: =API목록!H5 -> /v2/ai/icmd/control/remoteAccessSmartlight
B55: Request Parameter
B56: 필드명 | C56: 파라미터명 | D56: Data Type | E56: 자리수 | F56: 필수여부 | G56: 암호화여부 | H56: 설명 | I56: 비고
B57: 동 정보 | C57: dong | D57: String | F57: Y | I57: 동/호 정보로부터 해당 세대의 월패드 IP 취득 호 정보가 "-1"로 끝나면 분리세대
B58: 호 정보 | C58: ho | D58: String | F58: Y
B59: 제어구분 | C59: action | D59: String | H59: {"control", "mode_control"} = (상세제어, 모드제어)
B60: 조명제어기(에너지미터) 번호 | C60: dev_num | D60: String | F60: Y | H60: {"1" ~ "12", "all"} = (1번 조명제어기 ~ 12번 조명제어기, 전체)
B61: 모드제어 값 | C61: dev_mode | D61: String | H61: 모드제어 범위 1 ~ 4 | I61: action이 mode_control인 경우만 사용
B62: 조명 회로 | C62: unit_num | D62: String | H62: {"1"~"12", "all", "null"} = (1번 회로 ~ 12번 회로, 전체, 정보없음)
B63: 제어구분 | C63: unit_status | D63: String | H63: 제어구분 (제어 시에만 사용) {"on", "off", "null"} = {켜짐, 꺼짐, 정보없음}
B64: 조명 디밍 값 | C64: unit_dimming | D64: String | H64: {"1 ~ 10", "null"} = {조명밝기 1(어두움) ~ 10(밝음), 정보없음}
B65: 조명 색온도 값 | C65: unit_color | D65: String | H65: {"1 ~ 10", "null"} = {색온도 1(WARM) ~ 10(COOL), 정보없음}
B67: Response Parameter
B68: 필드명 | C68: 파라미터명 | D68: Data Type | E68: 자리수 | F68: 필수여부 | G68: 암호화여부 | H68: 설명 | I68: 비고
B69: 코드 | C69: code | D69: String | F69: Y | H69: 결과 코드
B70: 메시지 | C70: message | D70: String | F70: Y | H70: 결과 메시지
B71: 데이터 | C71: data | D71: Object | F71: Y | H71: 결과 데이터
B72: 동 정보 | C72: dongCode | D72: String | F72: Y | I72: 요청 시 받은 동 정보
B73: 호 정보 | C73: homeCode | D73: String | F73: Y | I73: 요청 시 받은 호 정보
B74: 세대기 IP 주소 | C74: ipaddr | D74: String | F74: Y | I74: 동/호 정보로부터 device.ipaddr (월패드 ip) 취득
B75: 총 조명제어기(에너지미터) 개수 | C75: dev_cnt | D75: int
B76: 조명제어기(에너지미터)의 정보 | C76: status_map | D76: Object[]
B77: 조명제어기(에너지미터) 번호 | C77: dev_num | D77: int | F77: Y | H77: {"1" ~ "12", "all"} = (1번 조명제어기 ~ 12번 조명제어기, 전체)
B78: 조명 회로 수 | C78: dev_mode | D78: String | H78: 모드제어 범위 1~4 | I78: action이 mode_control인 경우만 사용, 아닐 경우 "null"을 사용
B79: 조명제어기(에너지미터) 명칭 | C79: dev_name | D79: String
B80: 조명 회로 수 | C80: unit_cnt | D80: int
B81: 조명 회로 상태 정보 | C81: status_info | D81: Object[]
B82: 조명 회로 번호 | C82: unit_num | D82: int
B83: 조명 회로 ON/OFF 상태 | C83: unit_status | D83: String | H83: {"on", "off", "null"} = {켜짐, 꺼짐, 정보없음}
B84: 조명 디밍 상태 | C84: unit_dimming | D84: int | H84: {"0 ~ 100", "null"} = {조명밝기 0% ~ 100%, 정보없음}
B85: 조명 색온도 상태 | C85: unit_color | D85: int | H85: {"0 ~ 100", "null"} = {WARM 100% ~ COOL 100%, 정보없음}
B86: 제어(통신) 결과 | C86: result | D86: String | F86: Y | H86: "ok" | "fail"
B88: Request query Sample
B89: { "dong": "204", "ho": "203", "ip": "???", "name": "mobile", "id": 1, "msg_no": 1 ~ 1, "action": "control", "dev_num": "1", "dev_mode": "null", "unit_num": "1", "unit_status": "on", "unit_dimming": "100", "unit_color": "0" (?) }
B90: Response JSON Data Sample(Success)
B91: { "code": "S0000", "message": "정상적으로 처리 되었습니다.", "data": { "dong": "204", "ho": "203", "ip": "???", "dev_cnt": 3, "status_map": [{ "dev_num": 1, "dev_mode": "null", "dev_name": "거실", "unit_cnt": 4, "status_info": [{ "unit_num": 1, "unit_status": "on", "unit_dimming": 100, "unit_color": 0 }, { ... }] }, { "dev_num": 2, .... }], }, result: "ok" }
B93: =API목록!E5&" ["&API목록!D6&"]" -> 지능형 조명 제어 [HNS_AI_03]
B94: 설명
B95: API ID | C95: =API목록!D6 -> HNS_AI_03
B96: API 명 | C96: =API목록!E6 -> 지능형 조명 상태 조회2
B97: Data Type | C97: =API목록!G6 -> JSON
B98: Method | C98: =API목록!F6 -> GET
B99: API 설명 | C99: =API목록!I6 -> 스마트분전반의 조명 상태를 외부에서 조회
B100: URL | C100: =API목록!H6 -> /v2/ai/icmd/control/remoteAccessSmartlight
B101: Request Parameter
B102: 필드명 | C102: 파라미터명 | D102: Data Type | E102: 자리수 | F102: 필수여부 | G102: 암호화여부 | H102: 설명 | I102: 비고
B103: 동 정보 | C103: dong | D103: String | F103: Y | I103: 동/호 정보로부터 해당 세대의 월패드 IP 취득 호 정보가 "-1"로 끝나면 분리세대
B104: 호 정보 | C104: ho | D104: String | F104: Y
B105: 조명제어기(에너지미터) 번호 | C105: dev_num | D105: String | F105: Y | H105: {"1" ~ "12", "all"} = (1번 조명제어기 ~ 12번 조명제어기, 전체)
B107: Response Parameter
B108: 필드명 | C108: 파라미터명 | D108: Data Type | E108: 자리수 | F108: 필수여부 | G108: 암호화여부 | H108: 설명 | I108: 비고
B109: 코드 | C109: code | D109: String | F109: Y | H109: 결과 코드
...

Sheet API 규격(모바일기능)
A1: 일간 에너지 검침 조회 (전체) [HNS_AI_25]
A2: 설명
A3: API ID | B3: HNS_AI_25
A4: API 명 | B4: 일간 에너지 검침 조회 (전체)
A5: Data Type | B5: JSON
A6: Method | B6: GET
A7: API 설명 | B7: 세대의 일간 에너지 검침 현황 전체 조회 (dong, ho로 세대 식별)
A8: URL | B8: /v2/ai/meter/daily/energies
A9: Request Parameter
A10: 필드명 | B10: 파라미터명 | C10: Data Type | D10: 위치 | E10: 필수여부 | F10: 암호화여부 | G10: 설명 | H10: 비고
A11: 동 정보 | B11: dong | C11: String | D11: Query | E11: Y | G11: 동 코드
A12: 호 정보 | B12: ho | C12: String | D12: Query | E12: Y | G12: 호 코드
A13: 조회 수 | B13: limit | C13: int | D13: Query | G13: 조회 수 (기본 0=전체)
A14: 시작 위치 | B14: skip | C14: int | D14: Query | G14: 시작 위치 (기본 0)
A15: Response Parameter
A16: 필드명 | B16: 파라미터명 | C16: Data Type | D16: 자리수 | E16: 필수여부 | F16: 암호화여부 | G16: 설명 | H16: 비고
A17: 검침년도 | B17: ENERGY_YEAR | C17: String | E17: Y | G17: 검침 년도
A18: 검침월 | B18: ENERGY_MONTH | C18: String | E18: Y | G18: 검침 월
A19: 검침일 | B19: ENERGY_DAY | C19: String | E19: Y | G19: 검침 일
A20: 전기 계량기 | B20: ENERGY_CNT01 | C20: float | G20: 전기 계량기 정보
A21: 수도 계량기 | B21: ENERGY_CNT02 | C21: float | G21: 수도 계량기 정보
A22: 가스 계량기 | B22: ENERGY_CNT03 | C22: float | G22: 가스 계량기 정보
A23: 온수 계량기 | B23: ENERGY_CNT04 | C23: float | G23: 온수 계량기 정보
A24: 난방 계량기 | B24: ENERGY_CNT05 | C24: float | G24: 난방 계량기 정보
A25: 기타 계량기 | B25: ENERGY_CNT06 | C25: float | G25: 기타(탄소) 계량기 정보
A26: 전기 사용량 | B26: ENERGY_USE01 | C26: float | E26: Y | G26: 전기 사용량 (kWh)
A27: 수도 사용량 | B27: ENERGY_USE02 | C27: float | E27: Y | G27: 수도 사용량 (㎥)
A28: 가스 사용량 | B28: ENERGY_USE03 | C28: float | E28: Y | G28: 가스 사용량 (㎥)
A29: 온수 사용량 | B29: ENERGY_USE04 | C29: float | E29: Y | G29: 온수 사용량 (㎥)
A30: 난방 사용량 | B30: ENERGY_USE05 | C30: float | E30: Y | G30: 난방 사용량 (Mcal)
A31: 기타 사용량 | B31: ENERGY_USE06 | C31: float | G31: 기타(탄소) 사용량
A32: 동평형 전기순위 | B32: PYE_RANK01 | C32: int | G32: 동 평형대 전기 사용량 순위
A33: 동평형 수도순위 | B33: PYE_RANK02 | C33: int | G33: 동 평형대 수도 사용량 순위
A34: 동평형 가스순위 | B34: PYE_RANK03 | C34: int | G34: 동 평형대 가스 사용량 순위
A35: 동평형 전기평균 | B35: PYE_AVG01 | C35: float | G35: 동 평형대 전기 평균 사용량
A36: 동평형 수도평균 | B36: PYE_AVG02 | C36: float | G36: 동 평형대 수도 평균 사용량
A37: 동평형 가스평균 | B37: PYE_AVG03 | C37: float | G37: 동 평형대 가스 평균 사용량
A38: 동평형 전기요금 | B38: PYE_CHARGE01 | C38: int | G38: 동 평형대 전기 평균 요금 (원)
A39: 단지내 전기순위 | B39: ALL_RANK01 | C39: int | G39: 단지 내 전기 사용량 순위
A40: 단지내 전기평균 | B40: ALL_AVG01 | C40: float | G40: 단지 내 전기 평균 사용량
A41: 단지내 전기요금 | B41: ALL_CHARGE01 | C41: int | G41: 단지 내 전기 평균 요금 (원)
A42: 전기 요금 | B42: CHARGE01 | C42: int | G42: 전기 요금 (원)
... A51: 갱신일 | B51: updated_at | C51: Timestamp | G51: yyyy-MM-dd hh:mm:ss
A52: Request Sample
A53: GET /v2/ai/meter/daily/energies?dong=101&ho=202&limit=30
A55: 일간 에너지 검침 조회 (년) [HNS_AI_26]
A56: 설명
A57: API ID | B57: HNS_AI_26
A58: API 명 | B58: 일간 에너지 검침 조회 (년)
A59: Data Type | B59: JSON
A60: Method | B60: GET
A61: API 설명 | B61: 세대의 일간 에너지 검침 현황 년도별 조회
A62: URL | B62: /v2/ai/meter/daily/energies/{year}
A63: Request Parameter
A64: 필드명 | B64: 파라미터명 | C64: Data Type | D64: 위치 | E64: 필수여부 | F64: 암호화여부 | G64: 설명 | H64: 비고
A65: 동 정보 | B65: dong | C65: String | D65: Query | E65: Y | G65: 동 코드
A66: 호 정보 | B66: ho | C66: String | D66: Query | E66: Y | G66: 호 코드
A67: 년도 | B67: year | C67: String | D67: Path | E67: Y | G67: 조회 년도
A68: 조회 수 | B68: limit | C68: int | D68: Query | G68: 조회 수 (기본 0=전체)
A69: 시작 위치 | B69: skip | C69: int | D69: Query | G69: 시작 위치 (기본 0)
A70: Response Parameter
A71: 필드명 | B71: 파라미터명 | C71: Data Type | D71: 자리수 | E71: 필수여부 | F71: 암호화여부 | G71: 설명 | H71: 비고
A72: 검침년도 | B72: ENERGY_YEAR | C72: String | E72: Y | G72: 검침 년도
A73: 검침월 | B73: ENERGY_MONTH | C73: String | E73: Y | G73: 검침 월
A74: 검침일 | B74: ENERGY_DAY | C74: String | E74: Y | G74: 검침 일
A75: 전기 계량기 | B75: ENERGY_CNT01 | C75: float | G75: 전기 계량기 정보
A76: 수도 계량기 | B76: ENERGY_CNT02 | C76: float | G76: 수도 계량기 정보
A77: 가스 계량기 | B77: ENERGY_CNT03 | C77: float | G77: 가스 계량기 정보
A78: 온수 계량기 | B78: ENERGY_CNT04 | C78: float | G78: 온수 계량기 정보
A79: 난방 계량기 | B79: ENERGY_CNT05 | C79: float | G79: 난방 계량기 정보
A80: 기타 계량기 | B80: ENERGY_CNT06 | C80: float | G80: 기타(탄소) 계량기 정보
A81: 전기 사용량 | B81: ENERGY_USE01 | C81: float | E81: Y | G81: 전기 사용량 (kWh)
A82: 수도 사용량 | B82: ENERGY_USE02 | C82: float | E82: Y | G82: 수도 사용량 (㎥)
A83: 가스 사용량 | B83: ENERGY_USE03 | C83: float | E83: Y | G83: 가스 사용량 (㎥)
A84: 온수 사용량 | B84: ENERGY_USE04 | C84: float | E84: Y | G84: 온수 사용량 (㎥)
A85: 난방 사용량 | B85: ENERGY_USE05 | C85: float | E85: Y | G85: 난방 사용량 (Mcal)
A86: 기타 사용량 | B86: ENERGY_USE06 | C86: float | G86: 기타(탄소) 사용량
A87: 동평형 전기순위 | B87: PYE_RANK01 | C87: int | G87: 동 평형대 전기 사용량 순위
A88: 동평형 수도순위 | B88: PYE_RANK02 | C88: int | G88: 동 평형대 수도 사용량 순위
A89: 동평형 가스순위 | B89: PYE_RANK03 | C89: int | G89: 동 평형대 가스 사용량 순위
A90: 동평형 전기평균 | B90: PYE_AVG01 | C90: float | G90: 동 평형대 전기 평균 사용량
A91: 동평형 수도평균 | B91: PYE_AVG02 | C91: float | G91: 동 평형대 수도 평균 사용량
A92: 동평형 가스평균 | B92: PYE_AVG03 | C92: float | G92: 동 평형대 가스 평균 사용량
A93: 동평형 전기요금 | B93: PYE_CHARGE01 | C93: int | G93: 동 평형대 전기 평균 요금 (원)
A94: 단지내 전기순위 | B94: ALL_RANK01 | C94: int | G94: 단지 내 전기 사용량 순위
A95: 단지내 전기평균 | B95: ALL_AVG01 | C95: float | G95: 단지 내 전기 평균 사용량
A96: 단지내 전기요금 | B96: ALL_CHARGE01 | C96: int | G96: 단지 내 전기 평균 요금 (원)
A97: 전기 요금 | B97: CHARGE01 | C97: int | G97: 전기 요금 (원)
... A106: 갱신일 | B106: updated_at | C106: Timestamp | G106: yyyy-MM-dd hh:mm:ss
A107: Request Sample
A108: GET /v2/ai/meter/daily/energies/2026?dong=101&ho=202
A110: 일간 에너지 검침 조회 (월) [HNS_AI_27]
A111: 설명
A112: API ID | B112: HNS_AI_27
A113: API 명 | B113: 일간 에너지 검침 조회 (월)
A114: Data Type | B114: JSON
A115: Method | B115: GET
A116: API 설명 | B116: 세대의 일간 에너지 검침 현황 월별 조회
A117: URL | B117: /v2/ai/meter/daily/energies/{year}/{month}
A118: Request Parameter
...

Sheet 에러코드
B2: 에러코드 | C2: 상태코드 | D2: 메시지 | E2: 설명 | F2: 비고
B3: S0000 | C3: 200 | D3: 정상적으로 처리 되었습니다.
B4: E00400 | C4: 400 | D4: 잘못된 요청입니다. | E4: 요청값이 형태에 맞지않음 | F4: API Router에서 발생
B5: E00401 | C5: 401 | D5: 유효하지 않은 토큰입니다. | E5: 토큰과 채널이 유효하지 않음 | F5: API Router에서 발생
B6: E00403 | C6: 403 | D6: ApI 사용 권한이 없습니다. | E6: 토큰과 채널에 사용권한이 없음 | F6: API Router에서 발생
B7: E00500 | C7: 500 | D7: 내부서버에 오류가 발생했습니다. | E7: 내부서버 문제 발생
B8: E01000 | C8: 400 | D8: 분석할수 없는 내용입니다. | E8: NLP에서 분석 불가 및 확인할수 없는 의도
